@customer_name,Amanda Beatriz
@customer_name,Amanda Luísa
@customer_name,Alana Cecília
@customer_name,Ana Alice
@customer_name,Ana Amélia
@customer_name,Ana Beatriz
@customer_name,Ana Bela
@customer_name,Ana Carolina
@customer_name,Ana Cecília
@customer_name,Ana Clara
@customer_name,Ana Elisa
@customer_name,Ana Flávia
@customer_name,Ana Helena
@customer_name,Ana Júlia
@customer_name,Ana Lara
@customer_name,Ana Laura
@customer_name,Ana Letícia
@customer_name,Ana Lis
@customer_name,Ana Lívia
@customer_name,Ana Lúcia
@customer_name,Ana Luísa
@customer_name,Ana Mara
@customer_name,Ana Maria
@customer_name,Ana Paula
@customer_name,Ana Patrícia
@customer_name,Ana Sofia
@customer_name,Ana Vitória
@customer_name,Ângela Maria
@customer_name,Angelina Beatriz
@customer_name,Angelina Luísa
@customer_name,Antonela Beatriz
@customer_name,Antonela Maria
@customer_name,Ariana Lis
@customer_name,Ariana Eugênia
@customer_name,Aurora Luísa
@customer_name,Bela Sofia
@customer_name,Bela Vitória
@customer_name,Catarina Alice
@customer_name,Catarina Lis
@customer_name,Clara Alice
@customer_name,Clara Beatriz
@customer_name,Clara Letícia
@customer_name,Clara Lis
@customer_name,Clara Luísa
@customer_name,Dora Alice
@customer_name,Dora Bela
@customer_name,Dora Lis
@customer_name,Elis Regina
@customer_name,Estela Luísa
@customer_name,Estela Sofia
@customer_name,Flora Alice
@customer_name,Flora Bela
@customer_name,Flora Lis
@customer_name,Heloísa Helena
@customer_name,Heloísa Antônia
@customer_name,Ingrid Maria
@customer_name,Isadora Beatriz
@customer_name,Isadora Luísa
@customer_name,Júlia Beatriz
@customer_name,Júlia Helena
@customer_name,Lara Eduarda
@customer_name,Larissa Beatriz
@customer_name,Laura Patrícia
@customer_name,Laura Regina
@customer_name,Luísa Eduarda
@customer_name,Luísa Helena
@customer_name,Letícia Eduarda
@customer_name,Letícia Eloá
@customer_name,Lavínia Beatriz
@customer_name,Lívia Maria
@customer_name,Lívia Sofia
@customer_name,Maria Alice
@customer_name,Maria Amélia
@customer_name,Maria Antônia
@customer_name,Maria Augusta
@customer_name,Maria Cecília
@customer_name,Maria Clara
@customer_name,Maria Cristina
@customer_name,Maria Eduarda
@customer_name,Maria Elisa
@customer_name,Maria Elisabete
@customer_name,Maria Eloá
@customer_name,Maria Emília
@customer_name,Maria Eugênia
@customer_name,Maria Fernanda
@customer_name,Maria Francisca
@customer_name,Maria Gabriela
@customer_name,Maria Helena
@customer_name,Maria Inês
@customer_name,Maria Isabel
@customer_name,Maria Joana
@customer_name,Maria Joaquina
@customer_name,Maria Júlia
@customer_name,Maria Laura
@customer_name,Maria Lúcia
@customer_name,Maria Luísa
@customer_name,Maria Olívia
@customer_name,Maria Paula
@customer_name,Maria Raquel
@customer_name,Maria Regina
@customer_name,Maria Rita
@customer_name,Maria Roberta
@customer_name,Maria Tarsila
@customer_name,Maria Teresa
@customer_name,Maria Valentina
@customer_name,Maria Vitória
@customer_name,Marília Gabriela
@customer_name,Mirela Sofia
@customer_name,Nicole Beatriz
@customer_name,Nicole Sofia
@customer_name,Nina Augusta
@customer_name,Nina Maria
@customer_name,Olívia Luísa
@customer_name,Paola Fernanda
@customer_name,Paola Taís
@customer_name,Paula Eduarda
@customer_name,Paula Fernanda
@customer_name,Rita de Cássia
@customer_name,Rosa Lina
@customer_name,Sara Alana
@customer_name,Sara Aline
@customer_name,Sofia Laís
@customer_name,Sílvia Helena
@customer_name,Suzana Beatriz
@customer_name,Taís Eduarda
@customer_name,Teresa Raquel
@customer_name,Vera Lúcia
@customer_name,Vera Regina
@customer_name,Vitória Beatriz
@customer_name,Vitória Gabriela
@customer_name,Álvaro Luís
@customer_name,André Luís
@customer_name,Antônio Carlos
@customer_name,Armando Luís
@customer_name,Artur Emanuel
@customer_name,Artur Gabriel
@customer_name,Artur Henrique
@customer_name,Benício Gael
@customer_name,Bento Dominic
@customer_name,Bento Ricardo
@customer_name,Bernardo Alencar
@customer_name,Bernardo Augusto
@customer_name,Bernardo Gabriel
@customer_name,Bernardo Luís
@customer_name,Bernardo Vicente
@customer_name,Bruno Henrique
@customer_name,Caio Augusto
@customer_name,Caio Dominic
@customer_name,Caio Vinícius
@customer_name,Caleb Dominic
@customer_name,Carlos Alberto
@customer_name,Carlos Augusto
@customer_name,Carlos Eduardo
@customer_name,Carlos Miguel
@customer_name,César Augusto
@customer_name,César Luís
@customer_name,Davi Luca
@customer_name,Davi Lucas
@customer_name,Davi Luiz
@customer_name,Davi Miguel
@customer_name,Diogo Armando
@customer_name,Enrico Vicente
@customer_name,Enzo Gabriel
@customer_name,Fernando Henrique
@customer_name,Flávio Henrique
@customer_name,Gustavo Emanuel
@customer_name,Gustavo Henrique
@customer_name,Heitor Augusto
@customer_name,Heitor Gabriel
@customer_name,Henry Gael
@customer_name,Henry Gabriel
@customer_name,Jean Carlo
@customer_name,João Alencar
@customer_name,João Augusto
@customer_name,João Carlos
@customer_name,João Felipe
@customer_name,João Gabriel
@customer_name,João Guilherme
@customer_name,João Henrique
@customer_name,João Lucas
@customer_name,João Miguel
@customer_name,João Paulo
@customer_name,João Pedro
@customer_name,João Rafael
@customer_name,João Vicente
@customer_name,João Vítor
@customer_name,Jorge Augusto
@customer_name,Jorge Luís
@customer_name,Jorge Felipe
@customer_name,Jorge Henrique
@customer_name,José Augusto
@customer_name,José Carlos
@customer_name,José Fernando
@customer_name,José Luís
@customer_name,José Vitor
@customer_name,Júlio César
@customer_name,Lorenzo Gustavo
@customer_name,Lorenzo Felipe
@customer_name,Lucas Gabriel
@customer_name,Luís Antônio
@customer_name,Luís Eduardo
@customer_name,Luís Emanuel
@customer_name,Luís Felipe
@customer_name,Luís Henrique
@customer_name,Luís Guilherme
@customer_name,Luís Gustavo
@customer_name,Luís Marcelo
@customer_name,Luís Miguel
@customer_name,Luís Otávio
@customer_name,Luís Vinícius
@customer_name,Marco Antônio
@customer_name,Marco Aurélio
@customer_name,Marcos Vinícius
@customer_name,Mário Augusto
@customer_name,Mateus Henrique
@customer_name,Murilo Benício
@customer_name,Murilo Vinícius
@customer_name,Otávio Augusto
@customer_name,Otávio Luís
@customer_name,Paulo Afonso
@customer_name,Paulo César
@customer_name,Paulo Eduardo
@customer_name,Paulo Henrique
@customer_name,Paulo Ricardo
@customer_name,Paulo Roberto
@customer_name,Paulo Sérgio
@customer_name,Patric Gael
@customer_name,Pedro Afonso
@customer_name,Pedro Emanuel
@customer_name,Pedro Henrique
@customer_name,Pedro Gabriel
@customer_name,Pedro Lucas
@customer_name,Pedro Miguel
@customer_name,Tarcísio Eduardo
@customer_name,Vitor Hugo
@customer_name,Vitor Gabriel
@customer_name,Tales Gael
@customer_name,Tales Gabriel
@customer_name,Tales Dominic
@customer_name,Téo Henrique